Workbook

Sheet Summary
A1: Category | B1: Textures | C1: 4-bit | D1: 8-bit | E1: 16-bit | F1: 8-bit using ≤16 colours | G1: With see-through pixels | H1: Pixel data (KB)
A2: Room Textures | B2: =COUNTA('Room Textures'!$A$2:$A$38) | C2: =COUNTIF('Room Textures'!$E$2:$E$38,4) | D2: =COUNTIF('Room Textures'!$E$2:$E$38,8) | E2: =COUNTIF('Room Textures'!$E$2:$E$38,16) | F2: =COUNTIFS('Room Textures'!$E$2:$E$38,8,'Room Textures'!$G$2:$G$38,"<=16") | G2: =COUNTIF('Room Textures'!$H$2:$H$38,"Yes") | H2: =SUM('Room Textures'!$I$2:$I$38)
A3: Doors | B3: =COUNTA('Doors'!$A$2:$A$18) | C3: =COUNTIF('Doors'!$E$2:$E$18,4) | D3: =COUNTIF('Doors'!$E$2:$E$18,8) | E3: =COUNTIF('Doors'!$E$2:$E$18,16) | F3: =COUNTIFS('Doors'!$E$2:$E$18,8,'Doors'!$G$2:$G$18,"<=16") | G3: =COUNTIF('Doors'!$H$2:$H$18,"Yes") | H3: =SUM('Doors'!$I$2:$I$18)
A4: Props | B4: =COUNTA('Props'!$A$2:$A$27) | C4: =COUNTIF('Props'!$E$2:$E$27,4) | D4: =COUNTIF('Props'!$E$2:$E$27,8) | E4: =COUNTIF('Props'!$E$2:$E$27,16) | F4: =COUNTIFS('Props'!$E$2:$E$27,8,'Props'!$G$2:$G$27,"<=16") | G4: =COUNTIF('Props'!$H$2:$H$27,"Yes") | H4: =SUM('Props'!$I$2:$I$27)
A5: Collectibles | B5: =COUNTA('Collectibles'!$A$2:$A$15) | C5: =COUNTIF('Collectibles'!$E$2:$E$15,4) | D5: =COUNTIF('Collectibles'!$E$2:$E$15,8) | E5: =COUNTIF('Collectibles'!$E$2:$E$15,16) | F5: =COUNTIFS('Collectibles'!$E$2:$E$15,8,'Collectibles'!$G$2:$G$15,"<=16") | G5: =COUNTIF('Collectibles'!$H$2:$H$15,"Yes") | H5: =SUM('Collectibles'!$I$2:$I$15)
A6: Weapons & Ammo | B6: =COUNTA('Weapons & Ammo'!$A$2:$A$7) | C6: =COUNTIF('Weapons & Ammo'!$E$2:$E$7,4) | D6: =COUNTIF('Weapons & Ammo'!$E$2:$E$7,8) | E6: =COUNTIF('Weapons & Ammo'!$E$2:$E$7,16) | F6: =COUNTIFS('Weapons & Ammo'!$E$2:$E$7,8,'Weapons & Ammo'!$G$2:$G$7,"<=16") | G6: =COUNTIF('Weapons & Ammo'!$H$2:$H$7,"Yes") | H6: =SUM('Weapons & Ammo'!$I$2:$I$7)
A7: Puzzles & Clues | B7: =COUNTA('Puzzles & Clues'!$A$2:$A$16) | C7: =COUNTIF('Puzzles & Clues'!$E$2:$E$16,4) | D7: =COUNTIF('Puzzles & Clues'!$E$2:$E$16,8) | E7: =COUNTIF('Puzzles & Clues'!$E$2:$E$16,16) | F7: =COUNTIFS('Puzzles & Clues'!$E$2:$E$16,8,'Puzzles & Clues'!$G$2:$G$16,"<=16") | G7: =COUNTIF('Puzzles & Clues'!$H$2:$H$16,"Yes") | H7: =SUM('Puzzles & Clues'!$I$2:$I$16)
A8: Enemies | B8: =COUNTA('Enemies'!$A$2:$A$27) | C8: =COUNTIF('Enemies'!$E$2:$E$27,4) | D8: =COUNTIF('Enemies'!$E$2:$E$27,8) | E8: =COUNTIF('Enemies'!$E$2:$E$27,16) | F8: =COUNTIFS('Enemies'!$E$2:$E$27,8,'Enemies'!$G$2:$G$27,"<=16") | G8: =COUNTIF('Enemies'!$H$2:$H$27,"Yes") | H8: =SUM('Enemies'!$I$2:$I$27)
A9: Bosses | B9: =COUNTA('Bosses'!$A$2:$A$9) | C9: =COUNTIF('Bosses'!$E$2:$E$9,4) | D9: =COUNTIF('Bosses'!$E$2:$E$9,8) | E9: =COUNTIF('Bosses'!$E$2:$E$9,16) | F9: =COUNTIFS('Bosses'!$E$2:$E$9,8,'Bosses'!$G$2:$G$9,"<=16") | G9: =COUNTIF('Bosses'!$H$2:$H$9,"Yes") | H9: =SUM('Bosses'!$I$2:$I$9)
A10: UI & Effects | B10: =COUNTA('UI & Effects'!$A$2:$A$7) | C10: =COUNTIF('UI & Effects'!$E$2:$E$7,4) | D10: =COUNTIF('UI & Effects'!$E$2:$E$7,8) | E10: =COUNTIF('UI & Effects'!$E$2:$E$7,16) | F10: =COUNTIFS('UI & Effects'!$E$2:$E$7,8,'UI & Effects'!$G$2:$G$7,"<=16") | G10: =COUNTIF('UI & Effects'!$H$2:$H$7,"Yes") | H10: =SUM('UI & Effects'!$I$2:$I$7)
A11: Total | B11: =SUM(B2:B10) | C11: =SUM(C2:C10) | D11: =SUM(D2:D10) | E11: =SUM(E2:E10) | F11: =SUM(F2:F10) | G11: =SUM(G2:G10) | H11: =SUM(H2:H10)
A13: Source: every .tim listed in disc.xml, read from the TIM headers on 16 Oct 2026, after the 4bpp texture rework.
A14: Categories are assigned from the source module that registers each texture.
A15: Not on the disc, so not listed: bars_128, chain_128, incinerator (textures/catacombs), ladder_128, pipe_128, rusty_128.

Sheet Room Textures
A1: Texture | B1: Folder | C1: Width (px) | D1: Height (px) | E1: Bit depth | F1: Palette slots | G1: Colours used | H1: Transparent | I1: VRAM (KB) | J1: Disc file
A2: arms2 | B2: textures/ | C2: 128 | D2: 128 | E2: 4 | F2: 16 | G2: 16 | H2: No | I2: =C2*D2*E2/8/1024 | J2: ARMS2.TIM
A3: bones | B3: textures/ | C3: 128 | D3: 128 | E3: 4 | F3: 16 | G3: 15 | H3: No | I3: =C3*D3*E3/8/1024 | J3: BONES.TIM
A4: brick_wall | B4: textures/ | C4: 128 | D4: 128 | E4: 4 | F4: 16 | G4: 16 | H4: No | I4: =C4*D4*E4/8/1024 | J4: BRIKWLL.TIM
A5: chnlnk | B5: textures/ | C5: 128 | D5: 128 | E5: 4 | F5: 16 | G5: 15 | H5: Yes | I5: =C5*D5*E5/8/1024 | J5: CHNLNK.TIM
A6: chnlnk_dl | B6: textures/ | C6: 128 | D6: 128 | E6: 4 | F6: 16 | G6: 15 | H6: Yes | I6: =C6*D6*E6/8/1024 | J6: CHNLNKDL.TIM
A7: cncrte | B7: textures/ | C7: 128 | D7: 128 | E7: 4 | F7: 16 | G7: 11 | H7: No | I7: =C7*D7*E7/8/1024 | J7: CNCRTE.TIM
A8: cobblestones | B8: textures/ | C8: 128 | D8: 128 | E8: 4 | F8: 16 | G8: 14 | H8: No | I8: =C8*D8*E8/8/1024 | J8: COBBLE.TIM
A9: con_tile | B9: textures/ | C9: 128 | D9: 128 | E9: 4 | F9: 16 | G9: 7 | H9: No | I9: =C9*D9*E9/8/1024 | J9: CONTILE.TIM
A10: din_cl | B10: textures/ | C10: 128 | D10: 128 | E10: 4 | F10: 16 | G10: 12 | H10: No | I10: =C10*D10*E10/8/1024 | J10: DINCL.TIM
A11: gaol_mud | B11: textures/catacombs/ | C11: 128 | D11: 128 | E11: 4 | F11: 16 | G11: 7 | H11: No | I11: =C11*D11*E11/8/1024 | J11: GAOLMUD.TIM
A12: gravel_gs | B12: textures/ | C12: 128 | D12: 128 | E12: 4 | F12: 16 | G12: 16 | H12: No | I12: =C12*D12*E12/8/1024 | J12: GRAVELGS.TIM
A13: gravel_texture | B13: textures/ | C13: 128 | D13: 128 | E13: 4 | F13: 16 | G13: 16 | H13: No | I13: =C13*D13*E13/8/1024 | J13: GRAVEL.TIM
... A38: wd_flr | B38: textures/ | C38: 128 | D38: 128 | E38: 4 | F38: 16 | G38: 14 | H38: No | I38: =C38*D38*E38/8/1024 | J38: WDFLR.TIM
A40: Walls, floors, ceilings, stairs and outdoor surfaces, including the Chapter 3 body-part rooms (arms2, heads, legs, torsos, bones, guts) and the Seal room.

Sheet Doors
A1: Texture | B1: Folder | C1: Width (px) | D1: Height (px) | E1: Bit depth | F1: Palette slots | G1: Colours used | H1: Transparent | I1: VRAM (KB) | J1: Disc file
A2: catacomb inner door | B2: textures/ | C2: 128 | D2: 128 | E2: 4 | F2: 16 | G2: 16 | H2: No | I2: =C2*D2*E2/8/1024 | J2: CTCMBDR.TIM
A3: dbl_dr_rg | B3: textures/ | C3: 128 | D3: 128 | E3: 4 | F3: 16 | G3: 16 | H3: No | I3: =C3*D3*E3/8/1024 | J3: DBLDRRG.TIM
A4: double_door | B4: textures/ | C4: 128 | D4: 128 | E4: 4 | F4: 16 | G4: 16 | H4: No | I4: =C4*D4*E4/8/1024 | J4: DBLDOOR.TIM
A5: frnt_dr | B5: textures/ | C5: 128 | D5: 128 | E5: 4 | F5: 16 | G5: 16 | H5: No | I5: =C5*D5*E5/8/1024 | J5: FRNTDR.TIM
A6: gaol door | B6: textures/ | C6: 128 | D6: 128 | E6: 4 | F6: 16 | G6: 14 | H6: Yes | I6: =C6*D6*E6/8/1024 | J6: GAOLDOOR.TIM
A7: grdn_gte | B7: textures/ | C7: 128 | D7: 128 | E7: 4 | F7: 16 | G7: 6 | H7: Yes | I7: =C7*D7*E7/8/1024 | J7: GRDNGTE.TIM
A8: greenhouse door | B8: textures/ | C8: 64 | D8: 64 | E8: 4 | F8: 16 | G8: 15 | H8: No | I8: =C8*D8*E8/8/1024 | J8: GRNHSDR.TIM
A9: hatch | B9: textures/ | C9: 128 | D9: 128 | E9: 4 | F9: 16 | G9: 12 | H9: Yes | I9: =C9*D9*E9/8/1024 | J9: HATCH.TIM
A10: inr_dbl_dr | B10: textures/ | C10: 128 | D10: 128 | E10: 4 | F10: 16 | G10: 16 | H10: No | I10: =C10*D10*E10/8/1024 | J10: INRDBLDR.TIM
A11: wd_dr | B11: textures/ | C11: 128 | D11: 128 | E11: 4 | F11: 16 | G11: 16 | H11: No | I11: =C11*D11*E11/8/1024 | J11: WDDR.TIM
A12: wd_dr_crk | B12: textures/ | C12: 128 | D12: 128 | E12: 4 | F12: 16 | G12: 16 | H12: No | I12: =C12*D12*E12/8/1024 | J12: WDDRCRK.TIM
A13: xt_dr_cg | B13: textures/ | C13: 128 | D13: 128 | E13: 8 | F13: 256 | G13: 168 | H13: Yes | I13: =C13*D13*E13/8/1024 | J13: XTDRCG.TIM
... A18: xt_dr_rt_hlf | B18: textures/ | C18: 64 | D18: 128 | E18: 8 | F18: 256 | G18: 133 | H18: Yes | I18: =C18*D18*E18/8/1024 | J18: XTDRRHLF.TIM

Sheet Props
A1: Texture | B1: Folder | C1: Width (px) | D1: Height (px) | E1: Bit depth | F1: Palette slots | G1: Colours used | H1: Transparent | I1: VRAM (KB) | J1: Disc file
A2: bars | B2: textures/ | C2: 128 | D2: 128 | E2: 4 | F2: 16 | G2: 16 | H2: Yes | I2: =C2*D2*E2/8/1024 | J2: BARS.TIM
A3: bed | B3: textures/ | C3: 128 | D3: 128 | E3: 4 | F3: 16 | G3: 15 | H3: No | I3: =C3*D3*E3/8/1024 | J3: BED.TIM
A4: bookshelf | B4: textures/ | C4: 128 | D4: 128 | E4: 4 | F4: 16 | G4: 16 | H4: No | I4: =C4*D4*E4/8/1024 | J4: BOOKSHLF.TIM
A5: chain | B5: textures/ | C5: 128 | D5: 128 | E5: 4 | F5: 16 | G5: 15 | H5: Yes | I5: =C5*D5*E5/8/1024 | J5: CHAIN.TIM
A6: clsd_drwr | B6: textures/ | C6: 128 | D6: 128 | E6: 8 | F6: 256 | G6: 85 | H6: No | I6: =C6*D6*E6/8/1024 | J6: CLSDDRWR.TIM
A7: crib | B7: textures/ | C7: 128 | D7: 128 | E7: 4 | F7: 16 | G7: 16 | H7: No | I7: =C7*D7*E7/8/1024 | J7: CRIB.TIM
A8: drain | B8: textures/ | C8: 128 | D8: 128 | E8: 4 | F8: 16 | G8: 16 | H8: No | I8: =C8*D8*E8/8/1024 | J8: DRAIN.TIM
A9: dresser | B9: textures/ | C9: 128 | D9: 128 | E9: 4 | F9: 16 | G9: 16 | H9: No | I9: =C9*D9*E9/8/1024 | J9: DRESSER.TIM
A10: flowerbed | B10: textures/ | C10: 128 | D10: 128 | E10: 4 | F10: 16 | G10: 16 | H10: No | I10: =C10*D10*E10/8/1024 | J10: FLWRBED.TIM
A11: fountain | B11: textures/ | C11: 128 | D11: 128 | E11: 4 | F11: 16 | G11: 15 | H11: No | I11: =C11*D11*E11/8/1024 | J11: FOUNTAIN.TIM
A12: grinder | B12: textures/ | C12: 64 | D12: 64 | E12: 8 | F12: 256 | G12: 79 | H12: No | I12: =C12*D12*E12/8/1024 | J12: GRINDER.TIM
A13: incinerator | B13: textures/catacombs/ | C13: 128 | D13: 128 | E13: 8 | F13: 256 | G13: 114 | H13: No | I13: =C13*D13*E13/8/1024 | J13: INCINPRP.TIM
... A27: wdcrate | B27: textures/ | C27: 64 | D27: 64 | E27: 4 | F27: 16 | G27: 16 | H27: No | I27: =C27*D27*E27/8/1024 | J27: WCRATE.TIM

Sheet Collectibles
A1: Texture | B1: Folder | C1: Width (px) | D1: Height (px) | E1: Bit depth | F1: Palette slots | G1: Colours used | H1: Transparent | I1: VRAM (KB) | J1: Disc file
A2: bl_ky_stn | B2: textures/ | C2: 32 | D2: 32 | E2: 4 | F2: 16 | G2: 12 | H2: Yes | I2: =C2*D2*E2/8/1024 | J2: BLKYSTN.TIM
A3: bld_prl | B3: textures/ | C3: 32 | D3: 32 | E3: 4 | F3: 16 | G3: 15 | H3: Yes | I3: =C3*D3*E3/8/1024 | J3: BLDPRL.TIM
A4: cppr_pt | B4: textures/ | C4: 32 | D4: 32 | E4: 4 | F4: 16 | G4: 14 | H4: Yes | I4: =C4*D4*E4/8/1024 | J4: CPPRPOT.TIM
A5: gl_ky | B5: textures/ | C5: 32 | D5: 32 | E5: 4 | F5: 16 | G5: 16 | H5: Yes | I5: =C5*D5*E5/8/1024 | J5: GLKY.TIM
A6: grn_ky_stn | B6: textures/ | C6: 32 | D6: 32 | E6: 4 | F6: 16 | G6: 16 | H6: Yes | I6: =C6*D6*E6/8/1024 | J6: GRNKYSTN.TIM
A7: hatch_key | B7: textures/ | C7: 32 | D7: 32 | E7: 4 | F7: 16 | G7: 10 | H7: Yes | I7: =C7*D7*E7/8/1024 | J7: HATCHKEY.TIM
A8: key | B8: textures/ | C8: 32 | D8: 32 | E8: 4 | F8: 16 | G8: 6 | H8: Yes | I8: =C8*D8*E8/8/1024 | J8: KEY.TIM
A9: mgn_ky_stn | B9: textures/ | C9: 32 | D9: 32 | E9: 4 | F9: 16 | G9: 9 | H9: Yes | I9: =C9*D9*E9/8/1024 | J9: MGNKYSTN.TIM
A10: mt_sck | B10: textures/ | C10: 32 | D10: 32 | E10: 4 | F10: 16 | G10: 15 | H10: Yes | I10: =C10*D10*E10/8/1024 | J10: MTSCK.TIM
A11: pno_key | B11: textures/ | C11: 32 | D11: 32 | E11: 4 | F11: 16 | G11: 6 | H11: Yes | I11: =C11*D11*E11/8/1024 | J11: PNOKEY.TIM
A12: sml_med | B12: textures/ | C12: 32 | D12: 32 | E12: 4 | F12: 16 | G12: 6 | H12: Yes | I12: =C12*D12*E12/8/1024 | J12: SML_MED.TIM
A13: vlv_hndl | B13: textures/ | C13: 64 | D13: 64 | E13: 4 | F13: 16 | G13: 10 | H13: Yes | I13: =C13*D13*E13/8/1024 | J13: VLVHNDL.TIM
... A15: ylw_ky_stn | B15: textures/ | C15: 32 | D15: 32 | E15: 4 | F15: 16 | G15: 13 | H15: Yes | I15: =C15*D15*E15/8/1024 | J15: YLKYSTN.TIM

Sheet Weapons & Ammo
A1: Texture | B1: Folder | C1: Width (px) | D1: Height (px) | E1: Bit depth | F1: Palette slots | G1: Colours used | H1: Transparent | I1: VRAM (KB) | J1: Disc file
A2: crucifaxe | B2: textures/ | C2: 64 | D2: 64 | E2: 4 | F2: 16 | G2: 8 | H2: Yes | I2: =C2*D2*E2/8/1024 | J2: CRFXICON.TIM
A3: flm_rnds | B3: textures/ | C3: 64 | D3: 64 | E3: 4 | F3: 16 | G3: 13 | H3: Yes | I3: =C3*D3*E3/8/1024 | J3: FLMRNDS.TIM
A4: graveolver | B4: textures/ | C4: 64 | D4: 64 | E4: 4 | F4: 16 | G4: 7 | H4: Yes | I4: =C4*D4*E4/8/1024 | J4: GRAVOLVR.TIM
A5: helluminator | B5: textures/ | C5: 64 | D5: 64 | E5: 4 | F5: 16 | G5: 9 | H5: Yes | I5: =C5*D5*E5/8/1024 | J5: HELLUMIN.TIM
A6: scat_rnds | B6: textures/ | C6: 32 | D6: 32 | E6: 4 | F6: 16 | G6: 15 | H6: Yes | I6: =C6*D6*E6/8/1024 | J6: SCATRNDS.TIM
A7: stnd_rnds | B7: textures/ | C7: 64 | D7: 64 | E7: 4 | F7: 16 | G7: 10 | H7: Yes | I7: =C7*D7*E7/8/1024 | J7: STNDRNDS.TIM

Sheet Puzzles & Clues
A1: Texture | B1: Folder | C1: Width (px) | D1: Height (px) | E1: Bit depth | F1: Palette slots | G1: Colours used | H1: Transparent | I1: VRAM (KB) | J1: Disc file
A2: anzu_tab | B2: textures/ | C2: 128 | D2: 128 | E2: 4 | F2: 16 | G2: 16 | H2: No | I2: =C2*D2*E2/8/1024 | J2: ANZUTAB.TIM
A3: baby names | B3: textures/ | C3: 128 | D3: 128 | E3: 4 | F3: 16 | G3: 15 | H3: No | I3: =C3*D3*E3/8/1024 | J3: BBYNAMES.TIM
A4: cuneiform _symbols | B4: textures/ | C4: 128 | D4: 128 | E4: 8 | F4: 256 | G4: 196 | H4: No | I4: =C4*D4*E4/8/1024 | J4: CUNEISYM.TIM
A5: gula codes | B5: textures/ | C5: 128 | D5: 128 | E5: 4 | F5: 16 | G5: 13 | H5: No | I5: =C5*D5*E5/8/1024 | J5: GULACODE.TIM
A6: gula tablet | B6: textures/ | C6: 128 | D6: 128 | E6: 4 | F6: 16 | G6: 13 | H6: Yes | I6: =C6*D6*E6/8/1024 | J6: GULATBLT.TIM
A7: lamashtu arm | B7: textures/ | C7: 128 | D7: 128 | E7: 4 | F7: 16 | G7: 15 | H7: No | I7: =C7*D7*E7/8/1024 | J7: LMSHARM.TIM
A8: lamashtu pearl | B8: textures/ | C8: 128 | D8: 128 | E8: 4 | F8: 16 | G8: 16 | H8: No | I8: =C8*D8*E8/8/1024 | J8: LMSPEARL.TIM
A9: lamashtu tablet | B9: textures/ | C9: 128 | D9: 128 | E9: 4 | F9: 16 | G9: 14 | H9: No | I9: =C9*D9*E9/8/1024 | J9: LMSHTBLT.TIM
A10: piano_keys | B10: textures/ | C10: 128 | D10: 128 | E10: 4 | F10: 16 | G10: 14 | H10: No | I10: =C10*D10*E10/8/1024 | J10: PIANOKEY.TIM
A11: piano_keys_full | B11: textures/ | C11: 128 | D11: 128 | E11: 4 | F11: 16 | G11: 15 | H11: No | I11: =C11*D11*E11/8/1024 | J11: PIANOFUL.TIM
A12: pipe_button_off | B12: textures/ | C12: 32 | D12: 32 | E12: 4 | F12: 16 | G12: 15 | H12: No | I12: =C12*D12*E12/8/1024 | J12: PIPEBTNO.TIM
A13: pipe_button_on | B13: textures/ | C13: 32 | D13: 32 | E13: 4 | F13: 16 | G13: 14 | H13: No | I13: =C13*D13*E13/8/1024 | J13: PIPEBTNN.TIM
... A16: trck_clue | B16: textures/ | C16: 128 | D16: 128 | E16: 4 | F16: 16 | G16: 16 | H16: No | I16: =C16*D16*E16/8/1024 | J16: TRCKCLUE.TIM

Sheet Enemies
A1: Texture | B1: Folder | C1: Width (px) | D1: Height (px) | E1: Bit depth | F1: Palette slots | G1: Colours used | H1: Transparent | I1: VRAM (KB) | J1: Disc file
A2: crawler_a | B2: textures/ | C2: 256 | D2: 128 | E2: 4 | F2: 16 | G2: 13 | H2: Yes | I2: =C2*D2*E2/8/1024 | J2: CRAWLRA.TIM
A3: crawler_b | B3: textures/ | C3: 256 | D3: 128 | E3: 4 | F3: 16 | G3: 13 | H3: Yes | I3: =C3*D3*E3/8/1024 | J3: CRAWLRB.TIM
A4: creep | B4: textures/ | C4: 64 | D4: 64 | E4: 4 | F4: 16 | G4: 14 | H4: Yes | I4: =C4*D4*E4/8/1024 | J4: CREEP.TIM
A5: demon_dog | B5: textures/ | C5: 192 | D5: 64 | E5: 8 | F5: 256 | G5: 58 | H5: Yes | I5: =C5*D5*E5/8/1024 | J5: DDOG.TIM
A6: gula_a | B6: textures/catacombs/ | C6: 256 | D6: 128 | E6: 8 | F6: 256 | G6: 99 | H6: Yes | I6: =C6*D6*E6/8/1024 | J6: GULAA.TIM
A7: gula_b | B7: textures/catacombs/ | C7: 256 | D7: 128 | E7: 8 | F7: 256 | G7: 99 | H7: Yes | I7: =C7*D7*E7/8/1024 | J7: GULAB.TIM
A8: hadad_idle_64 | B8: textures/ | C8: 128 | D8: 128 | E8: 4 | F8: 16 | G8: 13 | H8: Yes | I8: =C8*D8*E8/8/1024 | J8: HADIDLE.TIM
A9: hadad_stp1_64 | B9: textures/ | C9: 128 | D9: 128 | E9: 4 | F9: 16 | G9: 14 | H9: Yes | I9: =C9*D9*E9/8/1024 | J9: HADSTP1.TIM
A10: hadad_stp2_64 | B10: textures/ | C10: 128 | D10: 128 | E10: 4 | F10: 16 | G10: 13 | H10: Yes | I10: =C10*D10*E10/8/1024 | J10: HADSTP2.TIM
A11: ls_atk | B11: textures/ | C11: 128 | D11: 96 | E11: 4 | F11: 16 | G11: 12 | H11: Yes | I11: =C11*D11*E11/8/1024 | J11: LSATK.TIM
A12: ls_idle | B12: textures/ | C12: 64 | D12: 96 | E12: 4 | F12: 16 | G12: 12 | H12: Yes | I12: =C12*D12*E12/8/1024 | J12: LSIDLE.TIM
A13: lumberer_a | B13: textures/ | C13: 256 | D13: 128 | E13: 4 | F13: 16 | G13: 13 | H13: Yes | I13: =C13*D13*E13/8/1024 | J13: LUMBERA.TIM
... A27: zombie_sleep | B27: textures/ | C27: 64 | D27: 128 | E27: 4 | F27: 16 | G27: 12 | H27: Yes | I27: =C27*D27*E27/8/1024 | J27: ZSLEEP.TIM
A29: Includes Gula, the Kennels one-off.

Sheet Bosses
A1: Texture | B1: Folder | C1: Width (px) | D1: Height (px) | E1: Bit depth | F1: Palette slots | G1: Colours used | H1: Transparent | I1: VRAM (KB) | J1: Disc file
A2: adapa_a | B2: textures/ | C2: 256 | D2: 128 | E2: 4 | F2: 16 | G2: 10 | H2: Yes | I2: =C2*D2*E2/8/1024 | J2: ADAPAA.TIM
A3: adapa_b | B3: textures/ | C3: 256 | D3: 128 | E3: 4 | F3: 16 | G3: 10 | H3: Yes | I3: =C3*D3*E3/8/1024 | J3: ADAPAB.TIM
A4: asag | B4: textures/ | C4: 128 | D4: 128 | E4: 8 | F4: 256 | G4: 83 | H4: No | I4: =C4*D4*E4/8/1024 | J4: ASGSKIN.TIM
A5: Boss Wall | B5: textures/ | C5: 128 | D5: 128 | E5: 8 | F5: 256 | G5: 158 | H5: No | I5: =C5*D5*E5/8/1024 | J5: ASGWALL.TIM
A6: lamashtu creep | B6: textures/ | C6: 64 | D6: 64 | E6: 8 | F6: 256 | G6: 152 | H6: Yes | I6: =C6*D6*E6/8/1024 | J6: LMSCREEP.TIM
A7: lamashtu | B7: textures/ | C7: 128 | D7: 128 | E7: 4 | F7: 16 | G7: 16 | H7: No | I7: =C7*D7*E7/8/1024 | J7: LAMASHTU.TIM
A8: mud | B8: textures/ | C8: 128 | D8: 128 | E8: 8 | F8: 256 | G8: 25 | H8: No | I8: =C8*D8*E8/8/1024 | J8: ASGMUD.TIM
A9: Rabisu tex | B9: textures/ | C9: 128 | D9: 128 | E9: 8 | F9: 256 | G9: 118 | H9: No | I9: =C9*D9*E9/8/1024 | J9: RABISU.TIM
A11: Rabisu, Asag (skin, mud and arena wall), Adapa (mini-boss), Lamashtu and the Creeps she spawns.

Sheet UI & Effects
A1: Texture | B1: Folder | C1: Width (px) | D1: Height (px) | E1: Bit depth | F1: Palette slots | G1: Colours used | H1: Transparent | I1: VRAM (KB) | J1: Disc file
A2: er_logo_128 | B2: textures/menus/ | C2: 128 | D2: 128 | E2: 4 | F2: 16 | G2: 13 | H2: Yes | I2: =C2*D2*E2/8/1024 | J2: ERLOGO.TIM
A3: ghit | B3: textures/ | C3: 16 | D3: 16 | E3: 4 | F3: 16 | G3: 5 | H3: Yes | I3: =C3*D3*E3/8/1024 | J3: GHIT.TIM
A4: hud | B4: textures/ | C4: 320 | D4: 56 | E4: 4 | F4: 16 | G4: 5 | H4: Yes | I4: =C4*D4*E4/8/1024 | J4: HUD.TIM
A5: mansion | B5: textures/ | C5: 128 | D5: 128 | E5: 8 | F5: 256 | G5: 114 | H5: Yes | I5: =C5*D5*E5/8/1024 | J5: MANSION.TIM
A6: mist | B6: textures/ | C6: 32 | D6: 32 | E6: 4 | F6: 16 | G6: 15 | H6: Yes | I6: =C6*D6*E6/8/1024 | J6: MIST.TIM
A7: shadow | B7: textures/ | C7: 64 | D7: 32 | E7: 4 | F7: 16 | G7: 4 | H7: Yes | I7: =C7*D7*E7/8/1024 | J7: SHADOW.TIM
A9: mansion is the intro picture; er_logo_128 the splash logo; ghit the bullet-hit flash; shadow the blob under enemies; mist the Rafflesia / Pit mist.
