Workbook

Sheet Textures
A1: Texture | B1: Folder | C1: Width (px) | D1: Height (px) | E1: Bit depth | F1: Palette slots | G1: Colours used | H1: Transparent | I1: VRAM (KB) | J1: Disc file
A2: adapa_a | B2: textures/ | C2: 256 | D2: 128 | E2: 4 | F2: 16 | G2: 10 | H2: Yes | I2: =C2*D2*E2/8/1024 | J2: ADAPAA.TIM
A3: adapa_b | B3: textures/ | C3: 256 | D3: 128 | E3: 4 | F3: 16 | G3: 10 | H3: Yes | I3: =C3*D3*E3/8/1024 | J3: ADAPAB.TIM
A4: anzu_tab | B4: textures/ | C4: 128 | D4: 128 | E4: 4 | F4: 16 | G4: 16 | H4: No | I4: =C4*D4*E4/8/1024 | J4: ANZUTAB.TIM
A5: arms2 | B5: textures/ | C5: 128 | D5: 128 | E5: 4 | F5: 16 | G5: 16 | H5: No | I5: =C5*D5*E5/8/1024 | J5: ARMS2.TIM
A6: asag | B6: textures/ | C6: 128 | D6: 128 | E6: 8 | F6: 256 | G6: 83 | H6: No | I6: =C6*D6*E6/8/1024 | J6: ASGSKIN.TIM
A7: baby names | B7: textures/ | C7: 128 | D7: 128 | E7: 4 | F7: 16 | G7: 15 | H7: No | I7: =C7*D7*E7/8/1024 | J7: BBYNAMES.TIM
A8: bars | B8: textures/ | C8: 128 | D8: 128 | E8: 4 | F8: 16 | G8: 16 | H8: Yes | I8: =C8*D8*E8/8/1024 | J8: BARS.TIM
A9: bed | B9: textures/ | C9: 128 | D9: 128 | E9: 4 | F9: 16 | G9: 15 | H9: No | I9: =C9*D9*E9/8/1024 | J9: BED.TIM
A10: bl_ky_stn | B10: textures/ | C10: 32 | D10: 32 | E10: 4 | F10: 16 | G10: 12 | H10: Yes | I10: =C10*D10*E10/8/1024 | J10: BLKYSTN.TIM
A11: bld_prl | B11: textures/ | C11: 32 | D11: 32 | E11: 4 | F11: 16 | G11: 15 | H11: Yes | I11: =C11*D11*E11/8/1024 | J11: BLDPRL.TIM
A12: bones | B12: textures/ | C12: 128 | D12: 128 | E12: 4 | F12: 16 | G12: 15 | H12: No | I12: =C12*D12*E12/8/1024 | J12: BONES.TIM
A13: bookshelf | B13: textures/ | C13: 128 | D13: 128 | E13: 4 | F13: 16 | G13: 16 | H13: No | I13: =C13*D13*E13/8/1024 | J13: BOOKSHLF.TIM
... A156: zombie_sleep | B156: textures/ | C156: 64 | D156: 128 | E156: 4 | F156: 16 | G156: 12 | H156: Yes | I156: =C156*D156*E156/8/1024 | J156: ZSLEEP.TIM

Sheet Summary
A1: Measure | B1: Value
A2: Textures on disc | B2: =COUNTA(Textures!$A$2:$A$156)
A3: 4-bit textures | B3: =COUNTIF(Textures!$E$2:$E$156,4)
A4: 8-bit textures | B4: =COUNTIF(Textures!$E$2:$E$156,8)
A5: 16-bit textures | B5: =COUNTIF(Textures!$E$2:$E$156,16)
A6: 8-bit textures using 16 colours or fewer | B6: =COUNTIFS(Textures!$E$2:$E$156,8,Textures!$G$2:$G$156,"<=16")
A7: Textures with see-through pixels | B7: =COUNTIF(Textures!$H$2:$H$156,"Yes")
A8: Total pixel data (KB) | B8: =SUM(Textures!$I$2:$I$156)
A10: Source: every .tim listed in disc.xml, read from the TIM headers on 16 Oct 2026, after the 4bpp texture rework.
A11: Not on the disc, so not listed: bars_128, chain_128, incinerator, ladder_128, pipe_128, rusty_128.
